{
  "our_model": {
    "Validity": 0.95,
    "Uniq": 0.9157894736842105,
    "Novelty": 1.0,
    "IntDiv": 0.851254050310605,
    "QED": 0.610102598545674
  },
  "diffusion": {
    "Validity": 1.0,
    "Uniq": 0.976,
    "Novelty": 0.781,
    "IntDiv": 0.8984336272216986,
    "QED": 0.4299694713649739
  },
  "egnn": {
    "Validity": 1.0,
    "Uniq": 0.977,
    "Novelty": 0.8,
    "IntDiv": 0.9007518204822904,
    "QED": 0.43551237058524933
  },
  "transformer": {
    "Validity": 1.0,
    "Uniq": 0.974,
    "Novelty": 0.827,
    "IntDiv": 0.9006163369140815,
    "QED": 0.4245198190909545
  },
  "bimodal": {
    "Validity": 1.0,
    "Uniq": 0.986,
    "Novelty": 0.811,
    "IntDiv": 0.9083052240383311,
    "QED": 0.679442791553773
  },
  "organ": {
    "Validity": 1.0,
    "Uniq": 1.0,
    "Novelty": 0.801,
    "IntDiv": 0.8844685891296449,
    "QED": 0.85957856519919
  },
  "qadd": {
    "Validity": 1.0,
    "Uniq": 1.0,
    "Novelty": 0.821,
    "IntDiv": 0.9217911885927299,
    "QED": 0.47344658185007676
  },
  "mars": {
    "Validity": 1.0,
    "Uniq": 0.488,
    "Novelty": 0.806,
    "IntDiv": 0.902080134590981,
    "QED": 0.42122945406531076
  }
}